Run Date,5/1/2015 08:32:36
EntryNumber,elapsedTime,DailyL, HourML, minuteML,SHour, SMin, SSec,SDay, SWeek, daysAct,RedFlag, RedDays, RedMap, RedFull,AlignT/F, AlignSec, AlignSec, AlignHour,RedMap0, RedMap1, RedMap2, RedMap3, RedMap4, RedMap5, RedMap6
1,0,000000,000000,000000,000000,000003,000012,000000,000000,000000,000000,000000,000000,000000,000000,000000,000000,000000,000000,000000,000000,000000,000000,000000,000000
2,1,000000,000000,000000,000000,000003,000013,000000,000000,000000,000000,000000,000000,000000,000000,000000,000000,000000,000000,000000,000000,000000,000000,000000,000000
3,2,000000,000000,000000,000000,000003,000014,000000,000000,000000,000000,000000,000000,000000,000000,000000,000000,000000,000000,000000,000000,000000,000000,000000,000000
4,3,000000,000000,000000,000000,000003,000015,000000,000000,000000,000000,000000,000000,000000,000000,000000,000000,000000,000000,000000,000000,000000,000000,000000,000000
5,4,000000,000000,000000,000000,000003,000016,000000,000000,000000,000000,000000,000000,000000,000000,000000,000000,000000,000000,000000,000000,000000,000000,000000,000000
6,5,000000,000000,000000,000000,000003,000017,000000,000000,000000,000000,000000,000000,000000,000000,000000,000000,000000,000000,000000,000000,000000,000000,000000,000000
7,6,000000,000000,000000,000000,000003,000018,000000,000000,000000,000000,000000,000000,000000,000000,000000,000000,000000,000000,000000,000000,000000,000000,000000,000000
8,7,000000,000000,000000,000000,000003,000019,000000,000000,000000,000000,000000,000000,000000,000000,000000,000000,000000,000000,000000,000000,000000,000000,000000,000000
9,8,000000,000000,000000,000000,000003,000020,000000,000000,000000,000000,000000,000000,000000,000000,000000,000000,000000,000000,000000,000000,000000,000000,000000,000000
10,9,000000,000000,000000,000000,000003,000021,000000,000000,000000,000000,000000,000000,000000,000000,000000,000000,000000,000000,000000,000000,000000,000000,000000,000000
11,10,000000,000000,000000,000000,000003,000022,000000,000000,000000,000000,000000,000000,000000,000000,000000,000000,000000,000000,000000,000000,000000,000000,000000,000000
12,11,000000,000000,000000,000000,000003,000023,000000,000000,000000,000000,000000,000000,000000,000000,000000,000000,000000,000000,000000,000000,000000,000000,000000,000000
13,12,000000,000000,000000,000000,000003,000024,000000,000000,000000,000000,000000,000000,000000,000000,000000,000000,000000,000000,000000,000000,000000,000000,000000,000000
14,13,000000,000000,000000,000000,000003,000025,000000,000000,000000,000000,000000,000000,000000,000000,000000,000000,000000,000000,000000,000000,000000,000000,000000,000000
15,14,000000,000000,000000,000000,000003,000026,000000,000000,000000,000000,000000,000000,000000,000000,000000,000000,000000,000000,000000,000000,000000,000000,000000,000000
16,15,000000,000000,000000,000000,000003,000027,000000,000000,000000,000000,000000,000000,000000,000000,000000,000000,000000,000000,000000,000000,000000,000000,000000,000000
17,16,000000,000000,000000,000000,000003,000028,000000,000000,000000,000000,000000,000000,000000,000000,000000,000000,000000,000000,000000,000000,000000,000000,000000,000000
18,17,000000,000000,000000,000000,000003,000029,000000,000000,000000,000000,000000,000000,000000,000000,000000,000000,000000,000000,000000,000000,000000,000000,000000,000000
19,18,000000,000000,000000,000000,000003,000030,000000,000000,000000,000000,000000,000000,000000,000000,000000,000000,000000,000000,000000,000000,000000,000000,000000,000000
20,19,000000,000000,000000,000000,000003,000031,000000,000000,000000,000000,000000,000000,000000,000000,000000,000000,000000,000000,000000,000000,000000,000000,000000,000000
21,20,000000,000000,000000,000000,000003,000032,000000,000000,000000,000000,000000,000000,000000,000000,000000,000000,000000,000000,000000,000000,000000,000000,000000,000000
22,21,000000,000000,000000,000000,000003,000033,000000,000000,000000,000000,000000,000000,000000,000000,000000,000000,000000,000000,000000,000000,000000,000000,000000,000000
23,22,000000,000000,000000,000000,000003,000034,000000,000000,000000,000000,000000,000000,000000,000000,000000,000000,000000,000000,000000,000000,000000,000000,000000,000000
24,23,000000,000000,000000,000000,000003,000035,000000,000000,000000,000000,000000,000000,000000,000000,000000,000000,000000,000000,000000,000000,000000,000000,000000,000000
25,24,000000,000000,000000,000000,000003,000036,000000,000000,000000,000000,000000,000000,000000,000000,000000,000000,000000,000000,000000,000000,000000,000000,000000,000000
26,25,000000,000000,000000,000000,000003,000037,000000,000000,000000,000000,000000,000000,000000,000000,000000,000000,000000,000000,000000,000000,000000,000000,000000,000000
27,26,000000,000000,000000,000000,000003,000038,000000,000000,000000,000000,000000,000000,000000,000000,000000,000000,000000,000000,000000,000000,000000,000000,000000,000000
28,27,000000,000000,000000,000000,000003,000039,000000,000000,000000,000000,000000,000000,000000,000000,000000,000000,000000,000000,000000,000000,000000,000000,000000,000000
29,28,000000,000000,000000,000000,000003,000040,000000,000000,000000,000000,000000,000000,000000,000000,000000,000000,000000,000000,000000,000000,000000,000000,000000,000000
30,29,000000,000000,000000,000000,000003,000041,000000,000000,000000,000000,000000,000000,000000,000000,000000,000000,000000,000000,000000,000000,000000,000000,000000,000000
31,30,000000,000000,000000,000000,000003,000042,000000,000000,000000,000000,000000,000000,000000,000000,000000,000000,000000,000000,000000,000000,000000,000000,000000,000000
32,31,000000,000000,000000,000000,000003,000043,000000,000000,000000,000000,000000,000000,000000,000000,000000,000000,000000,000000,000000,000000,000000,000000,000000,000000
33,32,000000,000000,000000,000000,000003,000044,000000,000000,000000,000000,000000,000000,000000,000000,000000,000000,000000,000000,000000,000000,000000,000000,000000,000000
34,33,000000,000000,000000,000000,000003,000045,000000,000000,000000,000000,000000,000000,000000,000000,000000,000000,000000,000000,000000,000000,000000,000000,000000,000000
35,34,000000,000000,000000,000000,000003,000046,000000,000000,000000,000000,000000,000000,000000,000000,000000,000000,000000,000000,000000,000000,000000,000000,000000,000000
36,35,000000,000000,000000,000000,000003,000047,000000,000000,000000,000000,000000,000000,000000,000000,000000,000000,000000,000000,000000,000000,000000,000000,000000,000000
37,36,000000,000000,000000,000000,000003,000048,000000,000000,000000,000000,000000,000000,000000,000000,000000,000000,000000,000000,000000,000000,000000,000000,000000,000000
38,37,000000,000000,000000,000000,000003,000049,000000,000000,000000,000000,000000,000000,000000,000000,000000,000000,000000,000000,000000,000000,000000,000000,000000,000000
39,38,000000,000000,000000,000000,000003,000050,000000,000000,000000,000000,000000,000000,000000,000000,000000,000000,000000,000000,000000,000000,000000,000000,000000,000000
40,39,000000,000000,000000,000000,000003,000051,000000,000000,000000,000000,000000,000000,000000,000000,000000,000000,000000,000000,000000,000000,000000,000000,000000,000000
41,40,000000,000000,000000,000000,000003,000052,000000,000000,000000,000000,000000,000000,000000,000000,000000,000000,000000,000000,000000,000000,000000,000000,000000,000000
42,41,000000,000000,000000,000000,000003,000053,000000,000000,000000,000000,000000,000000,000000,000000,000000,000000,000000,000000,000000,000000,000000,000000,000000,000000
43,42,000000,000000,000079,000000,000003,000054,000000,000000,000000,000000,000000,000000,000000,000000,000000,000000,000000,000000,000000,000000,000000,000000,000000,000000
44,43,000000,000000,000158,000000,000003,000055,000000,000000,000000,000000,000000,000000,000000,000000,000000,000000,000000,000000,000000,000000,000000,000000,000000,000000
45,44,000000,000000,000158,000000,000003,000056,000000,000000,000000,000000,000000,000000,000000,000000,000000,000000,000000,000000,000000,000000,000000,000000,000000,000000
46,45,000000,000000,000158,000000,000003,000057,000000,000000,000000,000000,000000,000000,000000,000000,000000,000000,000000,000000,000000,000000,000000,000000,000000,000000
47,46,000000,000000,000331,000000,000003,000058,000000,000000,000000,000000,000000,000000,000000,000000,000000,000000,000000,000000,000000,000000,000000,000000,000000,000000
48,47,000000,000000,000504,000000,000003,000059,000000,000000,000000,000000,000000,000000,000000,000000,000000,000000,000000,000000,000000,000000,000000,000000,000000,000000
49,48,000000,000504,000000,000000,000004,000000,000000,000000,000000,000000,000000,000000,000000,000000,000000,000000,000000,000000,000000,000000,000000,000000,000000,000000
50,49,000000,000504,000000,000000,000004,000001,000000,000000,000000,000000,000000,000000,000000,000000,000000,000000,000000,000000,000000,000000,000000,000000,000000,000000
51,50,000000,000504,000000,000000,000004,000002,000000,000000,000000,000000,000000,000000,000000,000000,000000,000000,000000,000000,000000,000000,000000,000000,000000,000000
52,51,000000,000504,000000,000000,000004,000003,000000,000000,000000,000000,000000,000000,000000,000000,000000,000000,000000,000000,000000,000000,000000,000000,000000,000000
53,52,000000,000504,000000,000000,000004,000004,000000,000000,000000,000000,000000,000000,000000,000000,000000,000000,000000,000000,000000,000000,000000,000000,000000,000000
54,53,000000,000504,000376,000000,000004,000005,000000,000000,000000,000000,000000,000000,000000,000000,000000,000000,000000,000000,000000,000000,000000,000000,000000,000000
55,54,000000,000504,000752,000000,000004,000006,000000,000000,000000,000000,000000,000000,000000,000000,000000,000000,000000,000000,000000,000000,000000,000000,000000,000000
56,55,000000,000504,001128,000000,000004,000007,000000,000000,000000,000000,000000,000000,000000,000000,000000,000000,000000,000000,000000,000000,000000,000000,000000,000000
57,56,000000,000504,001504,000000,000004,000008,000000,000000,000000,000000,000000,000000,000000,000000,000000,000000,000000,000000,000000,000000,000000,000000,000000,000000
58,57,000000,000504,001880,000000,000004,000009,000000,000000,000000,000000,000000,000000,000000,000000,000000,000000,000000,000000,000000,000000,000000,000000,000000,000000
59,58,000000,000504,002256,000000,000004,000010,000000,000000,000000,000000,000000,000000,000000,000000,000000,000000,000000,000000,000000,000000,000000,000000,000000,000000
60,59,000000,000504,002632,000000,000004,000011,000000,000000,000000,000000,000000,000000,000000,000000,000000,000000,000000,000000,000000,000000,000000,000000,000000,000000
61,60,000000,000504,003008,000000,000004,000012,000000,000000,000000,000000,000000,000000,000000,000000,000000,000000,000000,000000,000000,000000,000000,000000,000000,000000
62,61,000000,000504,003384,000000,000004,000013,000000,000000,000000,000000,000000,000000,000000,000000,000000,000000,000000,000000,000000,000000,000000,000000,000000,000000
63,62,000000,000504,003760,000000,000004,000014,000000,000000,000000,000000,000000,000000,000000,000000,000000,000000,000000,000000,000000,000000,000000,000000,000000,000000
64,63,000000,000504,004136,000000,000004,000015,000000,000000,000000,000000,000000,000000,000000,000000,000000,000000,000000,000000,000000,000000,000000,000000,000000,000000
65,64,000000,000504,004512,000000,000004,000016,000000,000000,000000,000000,000000,000000,000000,000000,000000,000000,000000,000000,000000,000000,000000,000000,000000,000000
66,65,000000,000504,004888,000000,000004,000017,000000,000000,000000,000000,000000,000000,000000,000000,000000,000000,000000,000000,000000,000000,000000,000000,000000,000000
67,66,000000,000504,004888,000000,000004,000018,000000,000000,000000,000000,000000,000000,000000,000000,000000,000000,000000,000000,000000,000000,000000,000000,000000,000000
68,67,000000,000504,004888,000000,000004,000019,000000,000000,000000,000000,000000,000000,000000,000000,000000,000000,000000,000000,000000,000000,000000,000000,000000,000000
69,68,000000,000504,004967,000000,000004,000020,000000,000000,000000,000000,000000,000000,000000,000000,000000,000000,000000,000000,000000,000000,000000,000000,000000,000000
70,69,000000,000504,005046,000000,000004,000021,000000,000000,000000,000000,000000,000000,000000,000000,000000,000000,000000,000000,000000,000000,000000,000000,000000,000000
71,70,000000,000504,005125,000000,000004,000022,000000,000000,000000,000000,000000,000000,000000,000000,000000,000000,000000,000000,000000,000000,000000,000000,000000,000000
72,71,000000,000504,005125,000000,000004,000023,000000,000000,000000,000000,000000,000000,000000,000000,000000,000000,000000,000000,000000,000000,000000,000000,000000,000000
73,72,000000,000504,005125,000000,000004,000024,000000,000000,000000,000000,000000,000000,000000,000000,000000,000000,000000,000000,000000,000000,000000,000000,000000,000000
74,73,000000,000504,005204,000000,000004,000025,000000,000000,000000,000000,000000,000000,000000,000000,000000,000000,000000,000000,000000,000000,000000,000000,000000,000000
75,74,000000,000504,005283,000000,000004,000026,000000,000000,000000,000000,000000,000000,000000,000000,000000,000000,000000,000000,000000,000000,000000,000000,000000,000000
76,75,000000,000504,005362,000000,000004,000027,000000,000000,000000,000000,000000,000000,000000,000000,000000,000000,000000,000000,000000,000000,000000,000000,000000,000000
77,76,000000,000504,005441,000000,000004,000028,000000,000000,000000,000000,000000,000000,000000,000000,000000,000000,000000,000000,000000,000000,000000,000000,000000,000000
78,77,000000,000504,005520,000000,000004,000029,000000,000000,000000,000000,000000,000000,000000,000000,000000,000000,000000,000000,000000,000000,000000,000000,000000,000000
79,78,000000,000504,005599,000000,000004,000030,000000,000000,000000,000000,000000,000000,000000,000000,000000,000000,000000,000000,000000,000000,000000,000000,000000,000000
80,79,000000,000504,005678,000000,000004,000031,000000,000000,000000,000000,000000,000000,000000,000000,000000,000000,000000,000000,000000,000000,000000,000000,000000,000000
81,80,000000,000504,005757,000000,000004,000032,000000,000000,000000,000000,000000,000000,000000,000000,000000,000000,000000,000000,000000,000000,000000,000000,000000,000000
82,81,000000,000504,005836,000000,000004,000033,000000,000000,000000,000000,000000,000000,000000,000000,000000,000000,000000,000000,000000,000000,000000,000000,000000,000000
83,82,000000,000504,005915,000000,000004,000034,000000,000000,000000,000000,000000,000000,000000,000000,000000,000000,000000,000000,000000,000000,000000,000000,000000,000000
84,83,000000,000504,005994,000000,000004,000035,000000,000000,000000,000000,000000,000000,000000,000000,000000,000000,000000,000000,000000,000000,000000,000000,000000,000000
85,84,000000,000504,006073,000000,000004,000036,000000,000000,000000,000000,000000,000000,000000,000000,000000,000000,000000,000000,000000,000000,000000,000000,000000,000000
86,85,000000,000504,006152,000000,000004,000037,000000,000000,000000,000000,000000,000000,000000,000000,000000,000000,000000,000000,000000,000000,000000,000000,000000,000000
87,86,000000,000504,006231,000000,000004,000038,000000,000000,000000,000000,000000,000000,000000,000000,000000,000000,000000,000000,000000,000000,000000,000000,000000,000000
88,87,000000,000504,006310,000000,000004,000039,000000,000000,000000,000000,000000,000000,000000,000000,000000,000000,000000,000000,000000,000000,000000,000000,000000,000000
89,88,000000,000504,006389,000000,000004,000040,000000,000000,000000,000000,000000,000000,000000,000000,000000,000000,000000,000000,000000,000000,000000,000000,000000,000000
90,89,000000,000504,006468,000000,000004,000041,000000,000000,000000,000000,000000,000000,000000,000000,000000,000000,000000,000000,000000,000000,000000,000000,000000,000000
91,90,000000,000504,006547,000000,000004,000042,000000,000000,000000,000000,000000,000000,000000,000000,000000,000000,000000,000000,000000,000000,000000,000000,000000,000000
92,91,000000,000504,006626,000000,000004,000043,000000,000000,000000,000000,000000,000000,000000,000000,000000,000000,000000,000000,000000,000000,000000,000000,000000,000000
93,92,000000,000504,006705,000000,000004,000044,000000,000000,000000,000000,000000,000000,000000,000000,000000,000000,000000,000000,000000,000000,000000,000000,000000,000000
94,93,000000,000504,006784,000000,000004,000045,000000,000000,000000,000000,000000,000000,000000,000000,000000,000000,000000,000000,000000,000000,000000,000000,000000,000000
95,94,000000,000504,006863,000000,000004,000046,000000,000000,000000,000000,000000,000000,000000,000000,000000,000000,000000,000000,000000,000000,000000,000000,000000,000000
96,95,000000,000504,006942,000000,000004,000047,000000,000000,000000,000000,000000,000000,000000,000000,000000,000000,000000,000000,000000,000000,000000,000000,000000,000000
97,96,000000,000504,007277,000000,000004,000048,000000,000000,000000,000000,000000,000000,000000,000000,000000,000000,000000,000000,000000,000000,000000,000000,000000,000000
98,97,000000,000504,007612,000000,000004,000049,000000,000000,000000,000000,000000,000000,000000,000000,000000,000000,000000,000000,000000,000000,000000,000000,000000,000000
99,98,000000,000504,007612,000000,000004,000050,000000,000000,000000,000000,000000,000000,000000,000000,000000,000000,000000,000000,000000,000000,000000,000000,000000,000000
100,99,000000,000504,007947,000000,000004,000051,000000,000000,000000,000000,000000,000000,000000,000000,000000,000000,000000,000000,000000,000000,000000,000000,000000,000000
101,100,000000,000504,008165,000000,000004,000052,000000,000000,000000,000000,000000,000000,000000,000000,000000,000000,000000,000000,000000,000000,000000,000000,000000,000000
102,101,000000,000504,008165,000000,000004,000053,000000,000000,000000,000000,000000,000000,000000,000000,000000,000000,000000,000000,000000,000000,000000,000000,000000,000000
103,102,000000,000504,008165,000000,000004,000054,000000,000000,000000,000000,000000,000000,000000,000000,000000,000000,000000,000000,000000,000000,000000,000000,000000,000000
104,103,000000,000504,008244,000000,000004,000055,000000,000000,000000,000000,000000,000000,000000,000000,000000,000000,000000,000000,000000,000000,000000,000000,000000,000000
105,104,000000,000504,008323,000000,000004,000056,000000,000000,000000,000000,000000,000000,000000,000000,000000,000000,000000,000000,000000,000000,000000,000000,000000,000000
106,105,000000,000504,008402,000000,000004,000057,000000,000000,000000,000000,000000,000000,000000,000000,000000,000000,000000,000000,000000,000000,000000,000000,000000,000000
107,106,000000,000504,008481,000000,000004,000058,000000,000000,000000,000000,000000,000000,000000,000000,000000,000000,000000,000000,000000,000000,000000,000000,000000,000000
108,107,000000,000504,008560,000000,000004,000059,000000,000000,000000,000000,000000,000000,000000,000000,000000,000000,000000,000000,000000,000000,000000,000000,000000,000000
109,108,000000,009064,000000,000000,000005,000000,000000,000000,000000,000000,000000,000000,000000,000000,000000,000000,000000,000000,000000,000000,000000,000000,000000,000000
110,109,000000,009064,000000,000000,000005,000001,000000,000000,000000,000000,000000,000000,000000,000000,000000,000000,000000,000000,000000,000000,000000,000000,000000,000000
111,110,000000,009064,000079,000000,000005,000002,000000,000000,000000,000000,000000,000000,000000,000000,000000,000000,000000,000000,000000,000000,000000,000000,000000,000000
112,111,000000,009064,000158,000000,000005,000003,000000,000000,000000,000000,000000,000000,000000,000000,000000,000000,000000,000000,000000,000000,000000,000000,000000,000000
113,112,000000,009064,000158,000000,000005,000004,000000,000000,000000,000000,000000,000000,000000,000000,000000,000000,000000,000000,000000,000000,000000,000000,000000,000000
114,113,000000,009064,000158,000000,000005,000005,000000,000000,000000,000000,000000,000000,000000,000000,000000,000000,000000,000000,000000,000000,000000,000000,000000,000000
115,114,000000,009064,000158,000000,000005,000006,000000,000000,000000,000000,000000,000000,000000,000000,000000,000000,000000,000000,000000,000000,000000,000000,000000,000000
116,115,000000,009064,000158,000000,000005,000007,000000,000000,000000,000000,000000,000000,000000,000000,000000,000000,000000,000000,000000,000000,000000,000000,000000,000000
117,116,000000,009064,000158,000000,000005,000008,000000,000000,000000,000000,000000,000000,000000,000000,000000,000000,000000,000000,000000,000000,000000,000000,000000,000000
118,117,000000,009064,000331,000000,000005,000009,000000,000000,000000,000000,000000,000000,000000,000000,000000,000000,000000,000000,000000,000000,000000,000000,000000,000000
119,118,000000,009064,000504,000000,000005,000010,000000,000000,000000,000000,000000,000000,000000,000000,000000,000000,000000,000000,000000,000000,000000,000000,000000,000000
120,119,000000,009064,000677,000000,000005,000011,000000,000000,000000,000000,000000,000000,000000,000000,000000,000000,000000,000000,000000,000000,000000,000000,000000,000000
121,120,000000,009064,000850,000000,000005,000012,000000,000000,000000,000000,000000,000000,000000,000000,000000,000000,000000,000000,000000,000000,000000,000000,000000,000000
122,121,000000,009064,001023,000000,000005,000013,000000,000000,000000,000000,000000,000000,000000,000000,000000,000000,000000,000000,000000,000000,000000,000000,000000,000000
123,122,000000,009064,001399,000000,000005,000014,000000,000000,000000,000000,000000,000000,000000,000000,000000,000000,000000,000000,000000,000000,000000,000000,000000,000000
124,123,000000,009064,001775,000000,000005,000015,000000,000000,000000,000000,000000,000000,000000,000000,000000,000000,000000,000000,000000,000000,000000,000000,000000,000000
125,124,000000,009064,002151,000000,000005,000016,000000,000000,000000,000000,000000,000000,000000,000000,000000,000000,000000,000000,000000,000000,000000,000000,000000,000000
126,125,000000,009064,002527,000000,000005,000017,000000,000000,000000,000000,000000,000000,000000,000000,000000,000000,000000,000000,000000,000000,000000,000000,000000,000000
127,126,000000,009064,002903,000000,000005,000018,000000,000000,000000,000000,000000,000000,000000,000000,000000,000000,000000,000000,000000,000000,000000,000000,000000,000000
128,127,000000,009064,003279,000000,000005,000019,000000,000000,000000,000000,000000,000000,000000,000000,000000,000000,000000,000000,000000,000000,000000,000000,000000,000000
129,128,000000,009064,003655,000000,000005,000020,000000,000000,000000,000000,000000,000000,000000,000000,000000,000000,000000,000000,000000,000000,000000,000000,000000,000000
130,129,000000,009064,003655,000000,000005,000021,000000,000000,000000,000000,000000,000000,000000,000000,000000,000000,000000,000000,000000,000000,000000,000000,000000,000000
131,130,000000,009064,003655,000000,000005,000022,000000,000000,000000,000000,000000,000000,000000,000000,000000,000000,000000,000000,000000,000000,000000,000000,000000,000000
132,131,000000,009064,003828,000000,000005,000023,000000,000000,000000,000000,000000,000000,000000,000000,000000,000000,000000,000000,000000,000000,000000,000000,000000,000000
133,132,000000,009064,004001,000000,000005,000024,000000,000000,000000,000000,000000,000000,000000,000000,000000,000000,000000,000000,000000,000000,000000,000000,000000,000000
134,133,000000,009064,004377,000000,000005,000025,000000,000000,000000,000000,000000,000000,000000,000000,000000,000000,000000,000000,000000,000000,000000,000000,000000,000000
135,134,000000,009064,004753,000000,000005,000026,000000,000000,000000,000000,000000,000000,000000,000000,000000,000000,000000,000000,000000,000000,000000,000000,000000,000000
136,135,000000,009064,005129,000000,000005,000027,000000,000000,000000,000000,000000,000000,000000,000000,000000,000000,000000,000000,000000,000000,000000,000000,000000,000000
137,136,000000,009064,005505,000000,000005,000028,000000,000000,000000,000000,000000,000000,000000,000000,000000,000000,000000,000000,000000,000000,000000,000000,000000,000000
138,137,000000,009064,005881,000000,000005,000029,000000,000000,000000,000000,000000,000000,000000,000000,000000,000000,000000,000000,000000,000000,000000,000000,000000,000000
139,138,000000,009064,006257,000000,000005,000030,000000,000000,000000,000000,000000,000000,000000,000000,000000,000000,000000,000000,000000,000000,000000,000000,000000,000000
140,139,000000,009064,006257,000000,000005,000031,000000,000000,000000,000000,000000,000000,000000,000000,000000,000000,000000,000000,000000,000000,000000,000000,000000,000000
141,140,000000,009064,006257,000000,000005,000032,000000,000000,000000,000000,000000,000000,000000,000000,000000,000000,000000,000000,000000,000000,000000,000000,000000,000000
142,141,000000,009064,006430,000000,000005,000033,000000,000000,000000,000000,000000,000000,000000,000000,000000,000000,000000,000000,000000,000000,000000,000000,000000,000000
143,142,000000,009064,006603,000000,000005,000034,000000,000000,000000,000000,000000,000000,000000,000000,000000,000000,000000,000000,000000,000000,000000,000000,000000,000000
144,143,000000,009064,006776,000000,000005,000035,000000,000000,000000,000000,000000,000000,000000,000000,000000,000000,000000,000000,000000,000000,000000,000000,000000,000000
145,144,000000,009064,007152,000000,000005,000036,000000,000000,000000,000000,000000,000000,000000,000000,000000,000000,000000,000000,000000,000000,000000,000000,000000,000000
146,145,000000,009064,007528,000000,000005,000037,000000,000000,000000,000000,000000,000000,000000,000000,000000,000000,000000,000000,000000,000000,000000,000000,000000,000000
147,146,000000,009064,007904,000000,000005,000038,000000,000000,000000,000000,000000,000000,000000,000000,000000,000000,000000,000000,000000,000000,000000,000000,000000,000000
148,147,000000,009064,008280,000000,000005,000039,000000,000000,000000,000000,000000,000000,000000,000000,000000,000000,000000,000000,000000,000000,000000,000000,000000,000000
149,148,000000,009064,008615,000000,000005,000040,000000,000000,000000,000000,000000,000000,000000,000000,000000,000000,000000,000000,000000,000000,000000,000000,000000,000000
150,149,000000,009064,008950,000000,000005,000041,000000,000000,000000,000000,000000,000000,000000,000000,000000,000000,000000,000000,000000,000000,000000,000000,000000,000000
151,150,000000,009064,009285,000000,000005,000042,000000,000000,000000,000000,000000,000000,000000,000000,000000,000000,000000,000000,000000,000000,000000,000000,000000,000000
152,151,000000,009064,009620,000000,000005,000043,000000,000000,000000,000000,000000,000000,000000,000000,000000,000000,000000,000000,000000,000000,000000,000000,000000,000000
153,152,000000,009064,009996,000000,000005,000044,000000,000000,000000,000000,000000,000000,000000,000000,000000,000000,000000,000000,000000,000000,000000,000000,000000,000000
154,153,000000,009064,010372,000000,000005,000045,000000,000000,000000,000000,000000,000000,000000,000000,000000,000000,000000,000000,000000,000000,000000,000000,000000,000000
155,154,000000,009064,010707,000000,000005,000046,000000,000000,000000,000000,000000,000000,000000,000000,000000,000000,000000,000000,000000,000000,000000,000000,000000,000000
156,155,000000,009064,010880,000000,000005,000047,000000,000000,000000,000000,000000,000000,000000,000000,000000,000000,000000,000000,000000,000000,000000,000000,000000,000000
157,156,000000,009064,011053,000000,000005,000048,000000,000000,000000,000000,000000,000000,000000,000000,000000,000000,000000,000000,000000,000000,000000,000000,000000,000000
158,157,000000,009064,011053,000000,000005,000049,000000,000000,000000,000000,000000,000000,000000,000000,000000,000000,000000,000000,000000,000000,000000,000000,000000,000000
159,158,000000,009064,011226,000000,000005,000050,000000,000000,000000,000000,000000,000000,000000,000000,000000,000000,000000,000000,000000,000000,000000,000000,000000,000000
160,159,000000,009064,011561,000000,000005,000051,000000,000000,000000,000000,000000,000000,000000,000000,000000,000000,000000,000000,000000,000000,000000,000000,000000,000000
161,160,000000,009064,011937,000000,000005,000052,000000,000000,000000,000000,000000,000000,000000,000000,000000,000000,000000,000000,000000,000000,000000,000000,000000,000000
162,161,000000,009064,012313,000000,000005,000053,000000,000000,000000,000000,000000,000000,000000,000000,000000,000000,000000,000000,000000,000000,000000,000000,000000,000000
163,162,000000,009064,012313,000000,000005,000054,000000,000000,000000,000000,000000,000000,000000,000000,000000,000000,000000,000000,000000,000000,000000,000000,000000,000000
164,163,000000,009064,012313,000000,000005,000055,000000,000000,000000,000000,000000,000000,000000,000000,000000,000000,000000,000000,000000,000000,000000,000000,000000,000000
165,164,000000,009064,012313,000000,000005,000056,000000,000000,000000,000000,000000,000000,000000,000000,000000,000000,000000,000000,000000,000000,000000,000000,000000,000000
166,165,000000,009064,012313,000000,000005,000057,000000,000000,000000,000000,000000,000000,000000,000000,000000,000000,000000,000000,000000,000000,000000,000000,000000,000000
167,166,000000,009064,012313,000000,000005,000058,000000,000000,000000,000000,000000,000000,000000,000000,000000,000000,000000,000000,000000,000000,000000,000000,000000,000000
168,167,000000,009064,012313,000000,000005,000059,000000,000000,000000,000000,000000,000000,000000,000000,000000,000000,000000,000000,000000,000000,000000,000000,000000,000000
169,168,000000,021377,000000,000000,000006,000000,000000,000000,000000,000000,000000,000000,000000,000000,000000,000000,000000,000000,000000,000000,000000,000000,000000,000000
170,169,000000,021377,000000,000000,000006,000001,000000,000000,000000,000000,000000,000000,000000,000000,000000,000000,000000,000000,000000,000000,000000,000000,000000,000000
171,170,000000,021377,000000,000000,000006,000002,000000,000000,000000,000000,000000,000000,000000,000000,000000,000000,000000,000000,000000,000000,000000,000000,000000,000000
172,171,000000,021377,000000,000000,000006,000003,000000,000000,000000,000000,000000,000000,000000,000000,000000,000000,000000,000000,000000,000000,000000,000000,000000,000000
173,172,000000,021377,000000,000000,000006,000004,000000,000000,000000,000000,000000,000000,000000,000000,000000,000000,000000,000000,000000,000000,000000,000000,000000,000000
174,173,000000,021377,000000,000000,000006,000005,000000,000000,000000,000000,000000,000000,000000,000000,000000,000000,000000,000000,000000,000000,000000,000000,000000,000000
175,174,000000,021377,000000,000000,000006,000006,000000,000000,000000,000000,000000,000000,000000,000000,000000,000000,000000,000000,000000,000000,000000,000000,000000,000000
176,175,000000,021377,000000,000000,000006,000007,000000,000000,000000,000000,000000,000000,000000,000000,000000,000000,000000,000000,000000,000000,000000,000000,000000,000000
177,176,000000,021377,000000,000000,000006,000008,000000,000000,000000,000000,000000,000000,000000,000000,000000,000000,000000,000000,000000,000000,000000,000000,000000,000000
178,177,000000,021377,000000,000000,000006,000009,000000,000000,000000,000000,000000,000000,000000,000000,000000,000000,000000,000000,000000,000000,000000,000000,000000,000000
179,178,000000,021377,000000,000000,000006,000010,000000,000000,000000,000000,000000,000000,000000,000000,000000,000000,000000,000000,000000,000000,000000,000000,000000,000000
180,179,000000,021377,000000,000000,000006,000011,000000,000000,000000,000000,000000,000000,000000,000000,000000,000000,000000,000000,000000,000000,000000,000000,000000,000000
181,180,000000,021377,000000,000000,000006,000012,000000,000000,000000,000000,000000,000000,000000,000000,000000,000000,000000,000000,000000,000000,000000,000000,000000,000000
182,181,000000,021377,000000,000000,000006,000013,000000,000000,000000,000000,000000,000000,000000,000000,000000,000000,000000,000000,000000,000000,000000,000000,000000,000000
183,182,000000,021377,000000,000000,000006,000014,000000,000000,000000,000000,000000,000000,000000,000000,000000,000000,000000,000000,000000,000000,000000,000000,000000,000000
184,183,000000,021377,000000,000000,000006,000015,000000,000000,000000,000000,000000,000000,000000,000000,000000,000000,000000,000000,000000,000000,000000,000000,000000,000000
185,184,000000,021377,000000,000000,000006,000016,000000,000000,000000,000000,000000,000000,000000,000000,000000,000000,000000,000000,000000,000000,000000,000000,000000,000000
186,185,000000,021377,000000,000000,000006,000017,000000,000000,000000,000000,000000,000000,000000,000000,000000,000000,000000,000000,000000,000000,000000,000000,000000,000000
187,186,000000,021377,000000,000000,000006,000018,000000,000000,000000,000000,000000,000000,000000,000000,000000,000000,000000,000000,000000,000000,000000,000000,000000,000000
188,187,000000,021377,000000,000000,000006,000019,000000,000000,000000,000000,000000,000000,000000,000000,000000,000000,000000,000000,000000,000000,000000,000000,000000,000000
189,188,000000,021377,000000,000000,000006,000020,000000,000000,000000,000000,000000,000000,000000,000000,000000,000000,000000,000000,000000,000000,000000,000000,000000,000000
190,189,000000,021377,000000,000000,000006,000021,000000,000000,000000,000000,000000,000000,000000,000000,000000,000000,000000,000000,000000,000000,000000,000000,000000,000000
191,190,000000,021377,000000,000000,000006,000022,000000,000000,000000,000000,000000,000000,000000,000000,000000,000000,000000,000000,000000,000000,000000,000000,000000,000000
192,191,000000,021377,000000,000000,000006,000023,000000,000000,000000,000000,000000,000000,000000,000000,000000,000000,000000,000000,000000,000000,000000,000000,000000,000000
193,192,000000,021377,000000,000000,000006,000024,000000,000000,000000,000000,000000,000000,000000,000000,000000,000000,000000,000000,000000,000000,000000,000000,000000,000000
194,193,000000,021377,000000,000000,000006,000025,000000,000000,000000,000000,000000,000000,000000,000000,000000,000000,000000,000000,000000,000000,000000,000000,000000,000000
195,194,000000,021377,000000,000000,000006,000026,000000,000000,000000,000000,000000,000000,000000,000000,000000,000000,000000,000000,000000,000000,000000,000000,000000,000000
196,195,000000,021377,000000,000000,000006,000027,000000,000000,000000,000000,000000,000000,000000,000000,000000,000000,000000,000000,000000,000000,000000,000000,000000,000000
197,196,000000,021377,000000,000000,000006,000028,000000,000000,000000,000000,000000,000000,000000,000000,000000,000000,000000,000000,000000,000000,000000,000000,000000,000000
198,197,000000,021377,000000,000000,000006,000029,000000,000000,000000,000000,000000,000000,000000,000000,000000,000000,000000,000000,000000,000000,000000,000000,000000,000000
199,198,000000,021377,000000,000000,000006,000030,000000,000000,000000,000000,000000,000000,000000,000000,000000,000000,000000,000000,000000,000000,000000,000000,000000,000000
200,199,000000,021377,000000,000000,000006,000031,000000,000000,000000,000000,000000,000000,000000,000000,000000,000000,000000,000000,000000,000000,000000,000000,000000,000000
201,200,000000,021377,000000,000000,000006,000032,000000,000000,000000,000000,000000,000000,000000,000000,000000,000000,000000,000000,000000,000000,000000,000000,000000,000000
202,201,000000,021377,000000,000000,000006,000033,000000,000000,000000,000000,000000,000000,000000,000000,000000,000000,000000,000000,000000,000000,000000,000000,000000,000000
203,202,000000,021377,000000,000000,000006,000034,000000,000000,000000,000000,000000,000000,000000,000000,000000,000000,000000,000000,000000,000000,000000,000000,000000,000000
204,203,000000,021377,000000,000000,000006,000035,000000,000000,000000,000000,000000,000000,000000,000000,000000,000000,000000,000000,000000,000000,000000,000000,000000,000000
205,204,000000,021377,000000,000000,000006,000036,000000,000000,000000,000000,000000,000000,000000,000000,000000,000000,000000,000000,000000,000000,000000,000000,000000,000000
206,205,000000,021377,000000,000000,000006,000037,000000,000000,000000,000000,000000,000000,000000,000000,000000,000000,000000,000000,000000,000000,000000,000000,000000,000000
207,206,000000,021377,000000,000000,000006,000038,000000,000000,000000,000000,000000,000000,000000,000000,000000,000000,000000,000000,000000,000000,000000,000000,000000,000000
208,207,000000,021377,000000,000000,000006,000039,000000,000000,000000,000000,000000,000000,000000,000000,000000,000000,000000,000000,000000,000000,000000,000000,000000,000000
209,208,000000,021377,000000,000000,000006,000040,000000,000000,000000,000000,000000,000000,000000,000000,000000,000000,000000,000000,000000,000000,000000,000000,000000,000000
210,209,000000,021377,000000,000000,000006,000041,000000,000000,000000,000000,000000,000000,000000,000000,000000,000000,000000,000000,000000,000000,000000,000000,000000,000000
211,210,000000,021377,000000,000000,000006,000042,000000,000000,000000,000000,000000,000000,000000,000000,000000,000000,000000,000000,000000,000000,000000,000000,000000,000000
212,211,000000,021377,000000,000000,000006,000043,000000,000000,000000,000000,000000,000000,000000,000000,000000,000000,000000,000000,000000,000000,000000,000000,000000,000000
213,212,000000,021377,000000,000000,000006,000044,000000,000000,000000,000000,000000,000000,000000,000000,000000,000000,000000,000000,000000,000000,000000,000000,000000,000000
214,213,000000,021377,000000,000000,000006,000045,000000,000000,000000,000000,000000,000000,000000,000000,000000,000000,000000,000000,000000,000000,000000,000000,000000,000000
215,214,000000,021377,000000,000000,000006,000046,000000,000000,000000,000000,000000,000000,000000,000000,000000,000000,000000,000000,000000,000000,000000,000000,000000,000000
216,215,000000,021377,000000,000000,000006,000047,000000,000000,000000,000000,000000,000000,000000,000000,000000,000000,000000,000000,000000,000000,000000,000000,000000,000000
217,216,000000,021377,000000,000000,000006,000048,000000,000000,000000,000000,000000,000000,000000,000000,000000,000000,000000,000000,000000,000000,000000,000000,000000,000000
218,217,000000,021377,000000,000000,000006,000049,000000,000000,000000,000000,000000,000000,000000,000000,000000,000000,000000,000000,000000,000000,000000,000000,000000,000000
219,218,000000,021377,000000,000000,000006,000050,000000,000000,000000,000000,000000,000000,000000,000000,000000,000000,000000,000000,000000,000000,000000,000000,000000,000000
220,219,000000,021377,000000,000000,000006,000051,000000,000000,000000,000000,000000,000000,000000,000000,000000,000000,000000,000000,000000,000000,000000,000000,000000,000000
221,220,000000,021377,000000,000000,000006,000052,000000,000000,000000,000000,000000,000000,000000,000000,000000,000000,000000,000000,000000,000000,000000,000000,000000,000000
222,221,000000,021377,000000,000000,000006,000053,000000,000000,000000,000000,000000,000000,000000,000000,000000,000000,000000,000000,000000,000000,000000,000000,000000,000000
223,222,000000,021377,000000,000000,000006,000054,000000,000000,000000,000000,000000,000000,000000,000000,000000,000000,000000,000000,000000,000000,000000,000000,000000,000000
224,223,000000,021377,000000,000000,000006,000055,000000,000000,000000,000000,000000,000000,000000,000000,000000,000000,000000,000000,000000,000000,000000,000000,000000,000000
225,224,000000,021377,000000,000000,000006,000056,000000,000000,000000,000000,000000,000000,000000,000000,000000,000000,000000,000000,000000,000000,000000,000000,000000,000000
226,225,000000,021377,000000,000000,000006,000057,000000,000000,000000,000000,000000,000000,000000,000000,000000,000000,000000,000000,000000,000000,000000,000000,000000,000000
227,226,000000,021377,000000,000000,000006,000058,000000,000000,000000,000000,000000,000000,000000,000000,000000,000000,000000,000000,000000,000000,000000,000000,000000,000000
228,227,000000,021377,000000,000000,000006,000059,000000,000000,000000,000000,000000,000000,000000,000000,000000,000000,000000,000000,000000,000000,000000,000000,000000,000000
229,228,000000,021377,000000,000000,000007,000000,000000,000000,000000,000000,000000,000000,000000,000000,000000,000000,000000,000000,000000,000000,000000,000000,000000,000000
230,229,000000,021377,000000,000000,000007,000001,000000,000000,000000,000000,000000,000000,000000,000000,000000,000000,000000,000000,000000,000000,000000,000000,000000,000000
231,230,000000,021377,000000,000000,000007,000002,000000,000000,000000,000000,000000,000000,000000,000000,000000,000000,000000,000000,000000,000000,000000,000000,000000,000000
232,231,000000,021377,000000,000000,000007,000003,000000,000000,000000,000000,000000,000000,000000,000000,000000,000000,000000,000000,000000,000000,000000,000000,000000,000000
233,232,000000,021377,000000,000000,000007,000004,000000,000000,000000,000000,000000,000000,000000,000000,000000,000000,000000,000000,000000,000000,000000,000000,000000,000000
234,233,000000,021377,000000,000000,000007,000005,000000,000000,000000,000000,000000,000000,000000,000000,000000,000000,000000,000000,000000,000000,000000,000000,000000,000000
235,234,000000,021377,000000,000000,000007,000006,000000,000000,000000,000000,000000,000000,000000,000000,000000,000000,000000,000000,000000,000000,000000,000000,000000,000000
236,235,000000,021377,000000,000000,000007,000007,000000,000000,000000,000000,000000,000000,000000,000000,000000,000000,000000,000000,000000,000000,000000,000000,000000,000000
237,236,000000,021377,000000,000000,000007,000008,000000,000000,000000,000000,000000,000000,000000,000000,000000,000000,000000,000000,000000,000000,000000,000000,000000,000000
238,237,000000,021377,000000,000000,000007,000009,000000,000000,000000,000000,000000,000000,000000,000000,000000,000000,000000,000000,000000,000000,000000,000000,000000,000000
239,238,000000,021377,000000,000000,000007,000010,000000,000000,000000,000000,000000,000000,000000,000000,000000,000000,000000,000000,000000,000000,000000,000000,000000,000000
240,239,000000,021377,000000,000000,000007,000011,000000,000000,000000,000000,000000,000000,000000,000000,000000,000000,000000,000000,000000,000000,000000,000000,000000,000000
241,240,000000,021377,000000,000000,000007,000012,000000,000000,000000,000000,000000,000000,000000,000000,000000,000000,000000,000000,000000,000000,000000,000000,000000,000000
242,241,000000,021377,000000,000000,000007,000013,000000,000000,000000,000000,000000,000000,000000,000000,000000,000000,000000,000000,000000,000000,000000,000000,000000,000000
243,242,000000,021377,000000,000000,000007,000014,000000,000000,000000,000000,000000,000000,000000,000000,000000,000000,000000,000000,000000,000000,000000,000000,000000,000000
244,243,000000,021377,000000,000000,000007,000015,000000,000000,000000,000000,000000,000000,000000,000000,000000,000000,000000,000000,000000,000000,000000,000000,000000,000000
245,244,000000,021377,000000,000000,000007,000016,000000,000000,000000,000000,000000,000000,000000,000000,000000,000000,000000,000000,000000,000000,000000,000000,000000,000000
246,245,000000,021377,000000,000000,000007,000017,000000,000000,000000,000000,000000,000000,000000,000000,000000,000000,000000,000000,000000,000000,000000,000000,000000,000000
247,246,000000,021377,000000,000000,000007,000018,000000,000000,000000,000000,000000,000000,000000,000000,000000,000000,000000,000000,000000,000000,000000,000000,000000,000000
248,247,000000,021377,000000,000000,000007,000019,000000,000000,000000,000000,000000,000000,000000,000000,000000,000000,000000,000000,000000,000000,000000,000000,000000,000000
249,248,000000,021377,000000,000000,000007,000020,000000,000000,000000,000000,000000,000000,000000,000000,000000,000000,000000,000000,000000,000000,000000,000000,000000,000000
250,249,000000,021377,000000,000000,000007,000021,000000,000000,000000,000000,000000,000000,000000,000000,000000,000000,000000,000000,000000,000000,000000,000000,000000,000000
251,250,000000,021377,000000,000000,000007,000022,000000,000000,000000,000000,000000,000000,000000,000000,000000,000000,000000,000000,000000,000000,000000,000000,000000,000000
252,251,000000,021377,000000,000000,000007,000023,000000,000000,000000,000000,000000,000000,000000,000000,000000,000000,000000,000000,000000,000000,000000,000000,000000,000000
253,252,000000,021377,000000,000000,000007,000024,000000,000000,000000,000000,000000,000000,000000,000000,000000,000000,000000,000000,000000,000000,000000,000000,000000,000000
254,253,000000,021377,000000,000000,000007,000025,000000,000000,000000,000000,000000,000000,000000,000000,000000,000000,000000,000000,000000,000000,000000,000000,000000,000000
255,254,000000,021377,000000,000000,000007,000026,000000,000000,000000,000000,000000,000000,000000,000000,000000,000000,000000,000000,000000,000000,000000,000000,000000,000000
256,255,000000,021377,000000,000000,000007,000027,000000,000000,000000,000000,000000,000000,000000,000000,000000,000000,000000,000000,000000,000000,000000,000000,000000,000000
257,256,000000,021377,000000,000000,000007,000028,000000,000000,000000,000000,000000,000000,000000,000000,000000,000000,000000,000000,000000,000000,000000,000000,000000,000000
258,257,000000,021377,000000,000000,000007,000029,000000,000000,000000,000000,000000,000000,000000,000000,000000,000000,000000,000000,000000,000000,000000,000000,000000,000000
259,258,000000,021377,000000,000000,000007,000030,000000,000000,000000,000000,000000,000000,000000,000000,000000,000000,000000,000000,000000,000000,000000,000000,000000,000000
260,259,000000,021377,000000,000000,000007,000031,000000,000000,000000,000000,000000,000000,000000,000000,000000,000000,000000,000000,000000,000000,000000,000000,000000,000000
261,260,000000,021377,000000,000000,000007,000032,000000,000000,000000,000000,000000,000000,000000,000000,000000,000000,000000,000000,000000,000000,000000,000000,000000,000000
262,261,000000,021377,000000,000000,000007,000033,000000,000000,000000,000000,000000,000000,000000,000000,000000,000000,000000,000000,000000,000000,000000,000000,000000,000000
263,262,000000,021377,000000,000000,000007,000034,000000,000000,000000,000000,000000,000000,000000,000000,000000,000000,000000,000000,000000,000000,000000,000000,000000,000000
264,263,000000,021377,000000,000000,000007,000035,000000,000000,000000,000000,000000,000000,000000,000000,000000,000000,000000,000000,000000,000000,000000,000000,000000,000000
265,264,000000,021377,000000,000000,000007,000036,000000,000000,000000,000000,000000,000000,000000,000000,000000,000000,000000,000000,000000,000000,000000,000000,000000,000000
266,265,000000,021377,000000,000000,000007,000037,000000,000000,000000,000000,000000,000000,000000,000000,000000,000000,000000,000000,000000,000000,000000,000000,000000,000000
267,266,000000,021377,000000,000000,000007,000038,000000,000000,000000,000000,000000,000000,000000,000000,000000,000000,000000,000000,000000,000000,000000,000000,000000,000000
268,267,000000,021377,000000,000000,000007,000039,000000,000000,000000,000000,000000,000000,000000,000000,000000,000000,000000,000000,000000,000000,000000,000000,000000,000000
269,268,000000,021377,000000,000000,000007,000040,000000,000000,000000,000000,000000,000000,000000,000000,000000,000000,000000,000000,000000,000000,000000,000000,000000,000000
270,269,000000,021377,000000,000000,000007,000041,000000,000000,000000,000000,000000,000000,000000,000000,000000,000000,000000,000000,000000,000000,000000,000000,000000,000000
271,270,000000,021377,000000,000000,000007,000042,000000,000000,000000,000000,000000,000000,000000,000000,000000,000000,000000,000000,000000,000000,000000,000000,000000,000000
272,271,000000,021377,000000,000000,000007,000043,000000,000000,000000,000000,000000,000000,000000,000000,000000,000000,000000,000000,000000,000000,000000,000000,000000,000000
273,272,000000,021377,000000,000000,000007,000044,000000,000000,000000,000000,000000,000000,000000,000000,000000,000000,000000,000000,000000,000000,000000,000000,000000,000000
274,273,000000,021377,000000,000000,000007,000045,000000,000000,000000,000000,000000,000000,000000,000000,000000,000000,000000,000000,000000,000000,000000,000000,000000,000000
275,274,000000,021377,000000,000000,000007,000046,000000,000000,000000,000000,000000,000000,000000,000000,000000,000000,000000,000000,000000,000000,000000,000000,000000,000000
276,275,000000,021377,000000,000000,000007,000047,000000,000000,000000,000000,000000,000000,000000,000000,000000,000000,000000,000000,000000,000000,000000,000000,000000,000000
277,276,000000,021377,000000,000000,000007,000048,000000,000000,000000,000000,000000,000000,000000,000000,000000,000000,000000,000000,000000,000000,000000,000000,000000,000000
278,277,000000,021377,000000,000000,000007,000049,000000,000000,000000,000000,000000,000000,000000,000000,000000,000000,000000,000000,000000,000000,000000,000000,000000,000000
279,278,000000,021377,000000,000000,000007,000050,000000,000000,000000,000000,000000,000000,000000,000000,000000,000000,000000,000000,000000,000000,000000,000000,000000,000000
280,279,000000,021377,000000,000000,000007,000051,000000,000000,000000,000000,000000,000000,000000,000000,000000,000000,000000,000000,000000,000000,000000,000000,000000,000000
281,280,000000,021377,000000,000000,000007,000052,000000,000000,000000,000000,000000,000000,000000,000000,000000,000000,000000,000000,000000,000000,000000,000000,000000,000000
282,281,000000,021377,000000,000000,000007,000053,000000,000000,000000,000000,000000,000000,000000,000000,000000,000000,000000,000000,000000,000000,000000,000000,000000,000000
283,282,000000,021377,000000,000000,000007,000054,000000,000000,000000,000000,000000,000000,000000,000000,000000,000000,000000,000000,000000,000000,000000,000000,000000,000000
284,283,000000,021377,000000,000000,000007,000055,000000,000000,000000,000000,000000,000000,000000,000000,000000,000000,000000,000000,000000,000000,000000,000000,000000,000000
285,284,000000,021377,000000,000000,000007,000056,000000,000000,000000,000000,000000,000000,000000,000000,000000,000000,000000,000000,000000,000000,000000,000000,000000,000000
286,285,000000,021377,000000,000000,000007,000057,000000,000000,000000,000000,000000,000000,000000,000000,000000,000000,000000,000000,000000,000000,000000,000000,000000,000000
287,286,000000,021377,000000,000000,000007,000058,000000,000000,000000,000000,000000,000000,000000,000000,000000,000000,000000,000000,000000,000000,000000,000000,000000,000000
288,287,000000,021377,000000,000000,000007,000059,000000,000000,000000,000000,000000,000000,000000,000000,000000,000000,000000,000000,000000,000000,000000,000000,000000,000000
289,288,000000,021377,000000,000000,000008,000000,000000,000000,000000,000000,000000,000000,000000,000000,000000,000000,000000,000000,000000,000000,000000,000000,000000,000000
290,289,000000,021377,000000,000000,000008,000001,000000,000000,000000,000000,000000,000000,000000,000000,000000,000000,000000,000000,000000,000000,000000,000000,000000,000000
291,290,000000,021377,000000,000000,000008,000002,000000,000000,000000,000000,000000,000000,000000,000000,000000,000000,000000,000000,000000,000000,000000,000000,000000,000000
292,291,000000,021377,000000,000000,000008,000003,000000,000000,000000,000000,000000,000000,000000,000000,000000,000000,000000,000000,000000,000000,000000,000000,000000,000000
293,292,000000,021377,000000,000000,000008,000004,000000,000000,000000,000000,000000,000000,000000,000000,000000,000000,000000,000000,000000,000000,000000,000000,000000,000000
294,293,000000,021377,000000,000000,000008,000005,000000,000000,000000,000000,000000,000000,000000,000000,000000,000000,000000,000000,000000,000000,000000,000000,000000,000000
295,294,000000,021377,000000,000000,000008,000006,000000,000000,000000,000000,000000,000000,000000,000000,000000,000000,000000,000000,000000,000000,000000,000000,000000,000000
296,295,000000,021377,000000,000000,000008,000007,000000,000000,000000,000000,000000,000000,000000,000000,000000,000000,000000,000000,000000,000000,000000,000000,000000,000000
297,296,000000,021377,000000,000000,000008,000008,000000,000000,000000,000000,000000,000000,000000,000000,000000,000000,000000,000000,000000,000000,000000,000000,000000,000000
298,297,000000,021377,000000,000000,000008,000009,000000,000000,000000,000000,000000,000000,000000,000000,000000,000000,000000,000000,000000,000000,000000,000000,000000,000000
299,298,000000,021377,000000,000000,000008,000010,000000,000000,000000,000000,000000,000000,000000,000000,000000,000000,000000,000000,000000,000000,000000,000000,000000,000000
300,299,000000,021377,000000,000000,000008,000011,000000,000000,000000,000000,000000,000000,000000,000000,000000,000000,000000,000000,000000,000000,000000,000000,000000,000000
301,300,000000,021377,000000,000000,000008,000012,000000,000000,000000,000000,000000,000000,000000,000000,000000,000000,000000,000000,000000,000000,000000,000000,000000,000000
302,301,000000,021377,000000,000000,000008,000013,000000,000000,000000,000000,000000,000000,000000,000000,000000,000000,000000,000000,000000,000000,000000,000000,000000,000000
303,302,000000,021377,000000,000000,000008,000014,000000,000000,000000,000000,000000,000000,000000,000000,000000,000000,000000,000000,000000,000000,000000,000000,000000,000000
304,303,000000,021377,000000,000000,000008,000015,000000,000000,000000,000000,000000,000000,000000,000000,000000,000000,000000,000000,000000,000000,000000,000000,000000,000000
305,304,000000,021377,000000,000000,000008,000016,000000,000000,000000,000000,000000,000000,000000,000000,000000,000000,000000,000000,000000,000000,000000,000000,000000,000000
306,305,000000,021377,000000,000000,000008,000017,000000,000000,000000,000000,000000,000000,000000,000000,000000,000000,000000,000000,000000,000000,000000,000000,000000,000000
307,306,000000,021377,000000,000000,000008,000018,000000,000000,000000,000000,000000,000000,000000,000000,000000,000000,000000,000000,000000,000000,000000,000000,000000,000000
308,307,000000,021377,000000,000000,000008,000019,000000,000000,000000,000000,000000,000000,000000,000000,000000,000000,000000,000000,000000,000000,000000,000000,000000,000000
309,308,000000,021377,000000,000000,000008,000020,000000,000000,000000,000000,000000,000000,000000,000000,000000,000000,000000,000000,000000,000000,000000,000000,000000,000000
310,309,000000,021377,000000,000000,000008,000021,000000,000000,000000,000000,000000,000000,000000,000000,000000,000000,000000,000000,000000,000000,000000,000000,000000,000000
311,310,000000,021377,000000,000000,000008,000022,000000,000000,000000,000000,000000,000000,000000,000000,000000,000000,000000,000000,000000,000000,000000,000000,000000,000000
312,311,000000,021377,000000,000000,000008,000023,000000,000000,000000,000000,000000,000000,000000,000000,000000,000000,000000,000000,000000,000000,000000,000000,000000,000000
313,312,000000,021377,000000,000000,000008,000024,000000,000000,000000,000000,000000,000000,000000,000000,000000,000000,000000,000000,000000,000000,000000,000000,000000,000000
314,313,000000,021377,000000,000000,000008,000025,000000,000000,000000,000000,000000,000000,000000,000000,000000,000000,000000,000000,000000,000000,000000,000000,000000,000000
315,314,000000,021377,000000,000000,000008,000026,000000,000000,000000,000000,000000,000000,000000,000000,000000,000000,000000,000000,000000,000000,000000,000000,000000,000000
316,315,000000,021377,000000,000000,000008,000027,000000,000000,000000,000000,000000,000000,000000,000000,000000,000000,000000,000000,000000,000000,000000,000000,000000,000000
317,316,000000,021377,000218,000000,000008,000028,000000,000000,000000,000000,000000,000000,000000,000000,000000,000000,000000,000000,000000,000000,000000,000000,000000,000000
318,317,000000,021377,000436,000000,000008,000029,000000,000000,000000,000000,000000,000000,000000,000000,000000,000000,000000,000000,000000,000000,000000,000000,000000,000000
319,318,000000,021377,000654,000000,000008,000030,000000,000000,000000,000000,000000,000000,000000,000000,000000,000000,000000,000000,000000,000000,000000,000000,000000,000000
320,319,000000,021377,000654,000000,000008,000031,000000,000000,000000,000000,000000,000000,000000,000000,000000,000000,000000,000000,000000,000000,000000,000000,000000,000000
321,320,000000,021377,000654,000000,000008,000032,000000,000000,000000,000000,000000,000000,000000,000000,000000,000000,000000,000000,000000,000000,000000,000000,000000,000000
322,321,000000,021377,000827,000000,000008,000033,000000,000000,000000,000000,000000,000000,000000,000000,000000,000000,000000,000000,000000,000000,000000,000000,000000,000000
323,322,000000,021377,001000,000000,000008,000034,000000,000000,000000,000000,000000,000000,000000,000000,000000,000000,000000,000000,000000,000000,000000,000000,000000,000000
324,323,000000,021377,001079,000000,000008,000035,000000,000000,000000,000000,000000,000000,000000,000000,000000,000000,000000,000000,000000,000000,000000,000000,000000,000000
325,324,000000,021377,001252,000000,000008,000036,000000,000000,000000,000000,000000,000000,000000,000000,000000,000000,000000,000000,000000,000000,000000,000000,000000,000000
326,325,000000,021377,001425,000000,000008,000037,000000,000000,000000,000000,000000,000000,000000,000000,000000,000000,000000,000000,000000,000000,000000,000000,000000,000000
327,326,000000,021377,001425,000000,000008,000038,000000,000000,000000,000000,000000,000000,000000,000000,000000,000000,000000,000000,000000,000000,000000,000000,000000,000000
328,327,000000,021377,001425,000000,000008,000039,000000,000000,000000,000000,000000,000000,000000,000000,000000,000000,000000,000000,000000,000000,000000,000000,000000,000000
329,328,000000,021377,001504,000000,000008,000040,000000,000000,000000,000000,000000,000000,000000,000000,000000,000000,000000,000000,000000,000000,000000,000000,000000,000000
330,329,000000,021377,001583,000000,000008,000041,000000,000000,000000,000000,000000,000000,000000,000000,000000,000000,000000,000000,000000,000000,000000,000000,000000,000000
331,330,000000,021377,001756,000000,000008,000042,000000,000000,000000,000000,000000,000000,000000,000000,000000,000000,000000,000000,000000,000000,000000,000000,000000,000000
332,331,000000,021377,001835,000000,000008,000043,000000,000000,000000,000000,000000,000000,000000,000000,000000,000000,000000,000000,000000,000000,000000,000000,000000,000000
333,332,000000,021377,001914,000000,000008,000044,000000,000000,000000,000000,000000,000000,000000,000000,000000,000000,000000,000000,000000,000000,000000,000000,000000,000000
334,333,000000,021377,001993,000000,000008,000045,000000,000000,000000,000000,000000,000000,000000,000000,000000,000000,000000,000000,000000,000000,000000,000000,000000,000000
335,334,000000,021377,002072,000000,000008,000046,000000,000000,000000,000000,000000,000000,000000,000000,000000,000000,000000,000000,000000,000000,000000,000000,000000,000000
336,335,000000,021377,002072,000000,000008,000047,000000,000000,000000,000000,000000,000000,000000,000000,000000,000000,000000,000000,000000,000000,000000,000000,000000,000000
337,336,000000,021377,002151,000000,000008,000048,000000,000000,000000,000000,000000,000000,000000,000000,000000,000000,000000,000000,000000,000000,000000,000000,000000,000000
338,337,000000,021377,002230,000000,000008,000049,000000,000000,000000,000000,000000,000000,000000,000000,000000,000000,000000,000000,000000,000000,000000,000000,000000,000000
339,338,000000,021377,002230,000000,000008,000050,000000,000000,000000,000000,000000,000000,000000,000000,000000,000000,000000,000000,000000,000000,000000,000000,000000,000000
340,339,000000,021377,002230,000000,000008,000051,000000,000000,000000,000000,000000,000000,000000,000000,000000,000000,000000,000000,000000,000000,000000,000000,000000,000000
341,340,000000,021377,002230,000000,000008,000052,000000,000000,000000,000000,000000,000000,000000,000000,000000,000000,000000,000000,000000,000000,000000,000000,000000,000000
342,341,000000,021377,002309,000000,000008,000053,000000,000000,000000,000000,000000,000000,000000,000000,000000,000000,000000,000000,000000,000000,000000,000000,000000,000000
343,342,000000,021377,002388,000000,000008,000054,000000,000000,000000,000000,000000,000000,000000,000000,000000,000000,000000,000000,000000,000000,000000,000000,000000,000000
344,343,000000,021377,002467,000000,000008,000055,000000,000000,000000,000000,000000,000000,000000,000000,000000,000000,000000,000000,000000,000000,000000,000000,000000,000000
345,344,000000,021377,002546,000000,000008,000056,000000,000000,000000,000000,000000,000000,000000,000000,000000,000000,000000,000000,000000,000000,000000,000000,000000,000000
346,345,000000,021377,002625,000000,000008,000057,000000,000000,000000,000000,000000,000000,000000,000000,000000,000000,000000,000000,000000,000000,000000,000000,000000,000000
347,346,000000,021377,002704,000000,000008,000058,000000,000000,000000,000000,000000,000000,000000,000000,000000,000000,000000,000000,000000,000000,000000,000000,000000,000000
348,347,000000,021377,002783,000000,000008,000059,000000,000000,000000,000000,000000,000000,000000,000000,000000,000000,000000,000000,000000,000000,000000,000000,000000,000000
349,348,000000,024333,000000,000000,000009,000000,000000,000000,000000,000000,000000,000000,000000,000000,000000,000000,000000,000000,000000,000000,000000,000000,000000,000000
350,349,000000,024333,000173,000000,000009,000001,000000,000000,000000,000000,000000,000000,000000,000000,000000,000000,000000,000000,000000,000000,000000,000000,000000,000000
351,350,000000,024333,000252,000000,000009,000002,000000,000000,000000,000000,000000,000000,000000,000000,000000,000000,000000,000000,000000,000000,000000,000000,000000,000000
352,351,000000,024333,000252,000000,000009,000003,000000,000000,000000,000000,000000,000000,000000,000000,000000,000000,000000,000000,000000,000000,000000,000000,000000,000000
353,352,000000,024333,000252,000000,000009,000004,000000,000000,000000,000000,000000,000000,000000,000000,000000,000000,000000,000000,000000,000000,000000,000000,000000,000000
354,353,000000,024333,000252,000000,000009,000005,000000,000000,000000,000000,000000,000000,000000,000000,000000,000000,000000,000000,000000,000000,000000,000000,000000,000000
355,354,000000,024333,000252,000000,000009,000006,000000,000000,000000,000000,000000,000000,000000,000000,000000,000000,000000,000000,000000,000000,000000,000000,000000,000000
356,355,000000,024333,000252,000000,000009,000007,000000,000000,000000,000000,000000,000000,000000,000000,000000,000000,000000,000000,000000,000000,000000,000000,000000,000000
357,356,000000,024333,000331,000000,000009,000008,000000,000000,000000,000000,000000,000000,000000,000000,000000,000000,000000,000000,000000,000000,000000,000000,000000,000000
358,357,000000,024333,000504,000000,000009,000009,000000,000000,000000,000000,000000,000000,000000,000000,000000,000000,000000,000000,000000,000000,000000,000000,000000,000000
359,358,000000,024333,000677,000000,000009,000010,000000,000000,000000,000000,000000,000000,000000,000000,000000,000000,000000,000000,000000,000000,000000,000000,000000,000000
360,359,000000,024333,000756,000000,000009,000011,000000,000000,000000,000000,000000,000000,000000,000000,000000,000000,000000,000000,000000,000000,000000,000000,000000,000000
361,360,000000,024333,000835,000000,000009,000012,000000,000000,000000,000000,000000,000000,000000,000000,000000,000000,000000,000000,000000,000000,000000,000000,000000,000000
362,361,000000,024333,000835,000000,000009,000013,000000,000000,000000,000000,000000,000000,000000,000000,000000,000000,000000,000000,000000,000000,000000,000000,000000,000000
363,362,000000,024333,000835,000000,000009,000014,000000,000000,000000,000000,000000,000000,000000,000000,000000,000000,000000,000000,000000,000000,000000,000000,000000,000000
364,363,000000,024333,000835,000000,000009,000015,000000,000000,000000,000000,000000,000000,000000,000000,000000,000000,000000,000000,000000,000000,000000,000000,000000,000000
365,364,000000,024333,000835,000000,000009,000016,000000,000000,000000,000000,000000,000000,000000,000000,000000,000000,000000,000000,000000,000000,000000,000000,000000,000000
366,365,000000,024333,000914,000000,000009,000017,000000,000000,000000,000000,000000,000000,000000,000000,000000,000000,000000,000000,000000,000000,000000,000000,000000,000000
367,366,000000,024333,000993,000000,000009,000018,000000,000000,000000,000000,000000,000000,000000,000000,000000,000000,000000,000000,000000,000000,000000,000000,000000,000000
368,367,000000,024333,001166,000000,000009,000019,000000,000000,000000,000000,000000,000000,000000,000000,000000,000000,000000,000000,000000,000000,000000,000000,000000,000000
369,368,000000,024333,001339,000000,000009,000020,000000,000000,000000,000000,000000,000000,000000,000000,000000,000000,000000,000000,000000,000000,000000,000000,000000,000000
370,369,000000,024333,001674,000000,000009,000021,000000,000000,000000,000000,000000,000000,000000,000000,000000,000000,000000,000000,000000,000000,000000,000000,000000,000000
371,370,000000,024333,002009,000000,000009,000022,000000,000000,000000,000000,000000,000000,000000,000000,000000,000000,000000,000000,000000,000000,000000,000000,000000,000000
372,371,000000,024333,002344,000000,000009,000023,000000,000000,000000,000000,000000,000000,000000,000000,000000,000000,000000,000000,000000,000000,000000,000000,000000,000000
373,372,000000,024333,002517,000000,000009,000024,000000,000000,000000,000000,000000,000000,000000,000000,000000,000000,000000,000000,000000,000000,000000,000000,000000,000000
374,373,000000,024333,002852,000000,000009,000025,000000,000000,000000,000000,000000,000000,000000,000000,000000,000000,000000,000000,000000,000000,000000,000000,000000,000000
375,374,000000,024333,003187,000000,000009,000026,000000,000000,000000,000000,000000,000000,000000,000000,000000,000000,000000,000000,000000,000000,000000,000000,000000,000000
376,375,000000,024333,003522,000000,000009,000027,000000,000000,000000,000000,000000,000000,000000,000000,000000,000000,000000,000000,000000,000000,000000,000000,000000,000000
377,376,000000,024333,003857,000000,000009,000028,000000,000000,000000,000000,000000,000000,000000,000000,000000,000000,000000,000000,000000,000000,000000,000000,000000,000000
378,377,000000,024333,003857,000000,000009,000029,000000,000000,000000,000000,000000,000000,000000,000000,000000,000000,000000,000000,000000,000000,000000,000000,000000,000000
379,378,000000,024333,003857,000000,000009,000030,000000,000000,000000,000000,000000,000000,000000,000000,000000,000000,000000,000000,000000,000000,000000,000000,000000,000000
380,379,000000,024333,003857,000000,000009,000031,000000,000000,000000,000000,000000,000000,000000,000000,000000,000000,000000,000000,000000,000000,000000,000000,000000,000000
381,380,000000,024333,003857,000000,000009,000032,000000,000000,000000,000000,000000,000000,000000,000000,000000,000000,000000,000000,000000,000000,000000,000000,000000,000000
382,381,000000,024333,003857,000000,000009,000033,000000,000000,000000,000000,000000,000000,000000,000000,000000,000000,000000,000000,000000,000000,000000,000000,000000,000000
383,382,000000,024333,003857,000000,000009,000034,000000,000000,000000,000000,000000,000000,000000,000000,000000,000000,000000,000000,000000,000000,000000,000000,000000,000000
